{"source":2,"revision":44,"description":null,"createdBy":{"displayName":"Sreeharsha","url":"https://spsprodcus4.vssps.visualstudio.com/Ae6d39910-fe9b-4714-a6af-d06dfcc6449e/_apis/Identities/86c777b3-7851-6f39-88ed-3939bf3e4afa","_links":{"avatar":{"href":"https://dev.azure.com/DevOpsB22B23Azure21/_apis/GraphProfile/MemberAvatars/msa.ODZjNzc3YjMtNzg1MS03ZjM5LTg4ZWQtMzkzOWJmM2U0YWZh"}},"id":"86c777b3-7851-6f39-88ed-3939bf3e4afa","uniqueName":"sreeaws4@gmail.com","imageUrl":"https://dev.azure.com/DevOpsB22B23Azure21/_apis/GraphProfile/MemberAvatars/msa.ODZjNzc3YjMtNzg1MS03ZjM5LTg4ZWQtMzkzOWJmM2U0YWZh","descriptor":"msa.ODZjNzc3YjMtNzg1MS03ZjM5LTg4ZWQtMzkzOWJmM2U0YWZh"},"createdOn":"2022-02-12T00:50:26.957Z","modifiedBy":{"displayName":"Sreeharsha","url":"https://spsprodcus4.vssps.visualstudio.com/Ae6d39910-fe9b-4714-a6af-d06dfcc6449e/_apis/Identities/86c777b3-7851-6f39-88ed-3939bf3e4afa","_links":{"avatar":{"href":"https://dev.azure.com/DevOpsB22B23Azure21/_apis/GraphProfile/MemberAvatars/msa.ODZjNzc3YjMtNzg1MS03ZjM5LTg4ZWQtMzkzOWJmM2U0YWZh"}},"id":"86c777b3-7851-6f39-88ed-3939bf3e4afa","uniqueName":"sreeaws4@gmail.com","imageUrl":"https://dev.azure.com/DevOpsB22B23Azure21/_apis/GraphProfile/MemberAvatars/msa.ODZjNzc3YjMtNzg1MS03ZjM5LTg4ZWQtMzkzOWJmM2U0YWZh","descriptor":"msa.ODZjNzc3YjMtNzg1MS03ZjM5LTg4ZWQtMzkzOWJmM2U0YWZh"},"modifiedOn":"2022-02-12T03:13:08.083Z","isDeleted":false,"lastRelease":{"id":24,"name":"Release-24","artifacts":[],"_links":{},"description":"Triggered by Repository: Microsoft.VisualStudio.Services.ReleaseManagement.Server.Plugins.Model.GitRepository, Branch: refs/heads/master, Commit Id: 62.","releaseDefinition":{"id":1,"projectReference":null,"_links":{}},"createdOn":"2022-02-12T03:21:02.683Z","createdBy":{"displayName":"Sreeharsha","url":"https://spsprodcus4.vssps.visualstudio.com/Ae6d39910-fe9b-4714-a6af-d06dfcc6449e/_apis/Identities/86c777b3-7851-6f39-88ed-3939bf3e4afa","_links":{"avatar":{"href":"https://dev.azure.com/DevOpsB22B23Azure21/_apis/GraphProfile/MemberAvatars/msa.ODZjNzc3YjMtNzg1MS03ZjM5LTg4ZWQtMzkzOWJmM2U0YWZh"}},"id":"86c777b3-7851-6f39-88ed-3939bf3e4afa","uniqueName":"sreeaws4@gmail.com","imageUrl":"https://dev.azure.com/DevOpsB22B23Azure21/_apis/GraphProfile/MemberAvatars/msa.ODZjNzc3YjMtNzg1MS03ZjM5LTg4ZWQtMzkzOWJmM2U0YWZh","descriptor":"msa.ODZjNzc3YjMtNzg1MS03ZjM5LTg4ZWQtMzkzOWJmM2U0YWZh"}},"variables":{"Megastar":{"value":"Chiru","allowOverride":true},"Superstar":{"value":"Mahesh","allowOverride":true},"YoungTiger":{"value":"NTR","allowOverride":true}},"variableGroups":[],"environments":[{"id":1,"name":"Packer Validation & Version Check","rank":1,"owner":{"displayName":"Sreeharsha","url":"https://spsprodcus4.vssps.visualstudio.com/Ae6d39910-fe9b-4714-a6af-d06dfcc6449e/_apis/Identities/86c777b3-7851-6f39-88ed-3939bf3e4afa","_links":{"avatar":{"href":"https://dev.azure.com/DevOpsB22B23Azure21/_apis/GraphProfile/MemberAvatars/msa.ODZjNzc3YjMtNzg1MS03ZjM5LTg4ZWQtMzkzOWJmM2U0YWZh"}},"id":"86c777b3-7851-6f39-88ed-3939bf3e4afa","uniqueName":"sreeaws4@gmail.com","imageUrl":"https://dev.azure.com/DevOpsB22B23Azure21/_apis/GraphProfile/MemberAvatars/msa.ODZjNzc3YjMtNzg1MS03ZjM5LTg4ZWQtMzkzOWJmM2U0YWZh","descriptor":"msa.ODZjNzc3YjMtNzg1MS03ZjM5LTg4ZWQtMzkzOWJmM2U0YWZh"},"variables":{},"variableGroups":[],"preDeployApprovals":{"approvals":[{"rank":1,"isAutomated":true,"isNotificationOn":false,"id":1}],"approvalOptions":{"requiredApproverCount":null,"releaseCreatorCanBeApprover":false,"autoTriggeredAndPreviousEnvironmentApprovedCanBeSkipped":false,"enforceIdentityRevalidation":false,"timeoutInMinutes":0,"executionOrder":1}},"deployStep":{"id":2},"postDeployApprovals":{"approvals":[{"rank":1,"isAutomated":true,"isNotificationOn":false,"id":3}],"approvalOptions":{"requiredApproverCount":null,"releaseCreatorCanBeApprover":false,"autoTriggeredAndPreviousEnvironmentApprovedCanBeSkipped":false,"enforceIdentityRevalidation":false,"timeoutInMinutes":0,"executionOrder":2}},"deployPhases":[{"deploymentInput":{"parallelExecution":{"parallelExecutionType":0},"agentSpecification":null,"skipArtifactsDownload":false,"artifactsDownloadInput":{"downloadInputs":[]},"queueId":33,"demands":[],"enableAccessToken":false,"timeoutInMinutes":0,"jobCancelTimeoutInMinutes":1,"condition":"succeeded()","overrideInputs":{}},"rank":1,"phaseType":1,"name":"Agent job","refName":null,"workflowTasks":[{"environment":{},"taskId":"62f1384e-d077-4a0a-a8fa-78745b8142ed","version":"1.*","name":"Task group: DevOpsB23SecureFiles ","refName":"","enabled":true,"alwaysRun":true,"continueOnError":true,"timeoutInMinutes":0,"retryCountOnTaskFailure":0,"definitionType":"metaTask","overrideInputs":{},"condition":"succeededOrFailed()","inputs":{}},{"environment":{},"taskId":"5bfb729a-a7c8-4a78-a7c3-8d717bb7c13c","version":"2.*","name":"Copying Secure Files To Project Directory","refName":"","enabled":true,"alwaysRun":false,"continueOnError":false,"timeoutInMinutes":0,"retryCountOnTaskFailure":0,"definitionType":"task","overrideInputs":{},"condition":"succeeded()","inputs":{"SourceFolder":"$(Agent.TempDirectory)","Contents":"**","TargetFolder":"/home/adminsree/myagent/_work/r1/a/_Terraform_IaaC_Classic/","CleanTargetFolder":"false","OverWrite":"false","flattenFolders":"false","preserveTimestamp":"false","retryCount":"0","delayBetweenRetries":"1000","ignoreMakeDirErrors":"false"}},{"environment":{},"taskId":"d9bafed4-0b18-4f58-968d-86655b4d2ce9","version":"2.*","name":"Inspect Files & Run Packer Validate and Inspect","refName":"","enabled":true,"alwaysRun":false,"continueOnError":false,"timeoutInMinutes":0,"retryCountOnTaskFailure":0,"definitionType":"task","overrideInputs":{},"condition":"succeeded()","inputs":{"script":"cd _Terraform_IaaC_Classic\npwd\nls -al\npacker validate -var-file packer-vars.json packer.json\npacker inspect -var-file packer-vars.json packer.json\n","workingDirectory":"","failOnStderr":"false"}}]}],"environmentOptions":{"emailNotificationType":"OnlyOnFailure","emailRecipients":"release.environment.owner;release.creator","skipArtifactsDownload":false,"timeoutInMinutes":0,"enableAccessToken":false,"publishDeploymentStatus":true,"badgeEnabled":false,"autoLinkWorkItems":false,"pullRequestDeploymentEnabled":false},"demands":[],"conditions":[{"name":"ReleaseStarted","conditionType":1,"value":""}],"executionPolicy":{"concurrencyCount":1,"queueDepthCount":0},"schedules":[],"currentRelease":{"id":24,"url":"https://vsrm.dev.azure.com/DevOpsB22B23Azure21/ae2d5da1-1664-4975-a673-653ae0149c54/_apis/Release/releases/24","_links":{}},"retentionPolicy":{"daysToKeep":30,"releasesToKeep":3,"retainBuild":true},"processParameters":{},"properties":{"BoardsEnvironmentType":{"$type":"System.String","$value":"unmapped"},"LinkBoardsWorkItems":{"$type":"System.String","$value":"False"}},"preDeploymentGates":{"id":0,"gatesOptions":null,"gates":[]},"postDeploymentGates":{"id":0,"gatesOptions":null,"gates":[]},"environmentTriggers":[],"badgeUrl":"https://vsrm.dev.azure.com/DevOpsB22B23Azure21/_apis/public/Release/badge/ae2d5da1-1664-4975-a673-653ae0149c54/1/1"},{"id":2,"name":"Packer Deployment","rank":2,"owner":{"displayName":"Sreeharsha","url":"https://spsprodcus4.vssps.visualstudio.com/Ae6d39910-fe9b-4714-a6af-d06dfcc6449e/_apis/Identities/86c777b3-7851-6f39-88ed-3939bf3e4afa","_links":{"avatar":{"href":"https://dev.azure.com/DevOpsB22B23Azure21/_apis/GraphProfile/MemberAvatars/msa.ODZjNzc3YjMtNzg1MS03ZjM5LTg4ZWQtMzkzOWJmM2U0YWZh"}},"id":"86c777b3-7851-6f39-88ed-3939bf3e4afa","uniqueName":"sreeaws4@gmail.com","imageUrl":"https://dev.azure.com/DevOpsB22B23Azure21/_apis/GraphProfile/MemberAvatars/msa.ODZjNzc3YjMtNzg1MS03ZjM5LTg4ZWQtMzkzOWJmM2U0YWZh","descriptor":"msa.ODZjNzc3YjMtNzg1MS03ZjM5LTg4ZWQtMzkzOWJmM2U0YWZh"},"variables":{},"variableGroups":[],"preDeployApprovals":{"approvals":[{"rank":1,"isAutomated":true,"isNotificationOn":false,"id":4}],"approvalOptions":{"requiredApproverCount":null,"releaseCreatorCanBeApprover":false,"autoTriggeredAndPreviousEnvironmentApprovedCanBeSkipped":false,"enforceIdentityRevalidation":false,"timeoutInMinutes":0,"executionOrder":1}},"deployStep":{"id":5},"postDeployApprovals":{"approvals":[{"rank":1,"isAutomated":true,"isNotificationOn":false,"id":6}],"approvalOptions":{"requiredApproverCount":null,"releaseCreatorCanBeApprover":false,"autoTriggeredAndPreviousEnvironmentApprovedCanBeSkipped":false,"enforceIdentityRevalidation":false,"timeoutInMinutes":0,"executionOrder":2}},"deployPhases":[{"deploymentInput":{"parallelExecution":{"parallelExecutionType":0},"agentSpecification":null,"skipArtifactsDownload":false,"artifactsDownloadInput":{"downloadInputs":[]},"queueId":33,"demands":[],"enableAccessToken":false,"timeoutInMinutes":0,"jobCancelTimeoutInMinutes":1,"condition":"succeeded()","overrideInputs":{}},"rank":1,"phaseType":1,"name":"Agent job","refName":null,"workflowTasks":[{"environment":{},"taskId":"62f1384e-d077-4a0a-a8fa-78745b8142ed","version":"1.*","name":"Task group: DevOpsB23SecureFiles ","refName":"","enabled":true,"alwaysRun":true,"continueOnError":true,"timeoutInMinutes":0,"retryCountOnTaskFailure":0,"definitionType":"metaTask","overrideInputs":{},"condition":"succeededOrFailed()","inputs":{}},{"environment":{},"taskId":"5bfb729a-a7c8-4a78-a7c3-8d717bb7c13c","version":"2.*","name":"Copying Secure Files To Project Directory","refName":"","enabled":true,"alwaysRun":false,"continueOnError":false,"timeoutInMinutes":0,"retryCountOnTaskFailure":0,"definitionType":"task","overrideInputs":{},"condition":"succeeded()","inputs":{"SourceFolder":"$(Agent.TempDirectory)","Contents":"**","TargetFolder":"/home/adminsree/myagent/_work/r1/a/_Terraform_IaaC_Classic/","CleanTargetFolder":"false","OverWrite":"false","flattenFolders":"false","preserveTimestamp":"false","retryCount":"0","delayBetweenRetries":"1000","ignoreMakeDirErrors":"false"}},{"environment":{},"taskId":"d9bafed4-0b18-4f58-968d-86655b4d2ce9","version":"2.*","name":"Create AWS AMI Using Packer","refName":"","enabled":true,"alwaysRun":false,"continueOnError":false,"timeoutInMinutes":0,"retryCountOnTaskFailure":0,"definitionType":"task","overrideInputs":{},"condition":"succeeded()","inputs":{"script":"cd _Terraform_IaaC_Classic\npwd\nls -al\n#packer build -var-file packer-vars.json packer.json","workingDirectory":"","failOnStderr":"false"}}]}],"environmentOptions":{"emailNotificationType":"OnlyOnFailure","emailRecipients":"release.environment.owner;release.creator","skipArtifactsDownload":false,"timeoutInMinutes":0,"enableAccessToken":false,"publishDeploymentStatus":true,"badgeEnabled":false,"autoLinkWorkItems":false,"pullRequestDeploymentEnabled":false},"demands":[],"conditions":[{"name":"Packer Validation & Version Check","conditionType":2,"value":"4"}],"executionPolicy":{"concurrencyCount":1,"queueDepthCount":0},"schedules":[],"currentRelease":{"id":24,"url":"https://vsrm.dev.azure.com/DevOpsB22B23Azure21/ae2d5da1-1664-4975-a673-653ae0149c54/_apis/Release/releases/24","_links":{}},"retentionPolicy":{"daysToKeep":30,"releasesToKeep":3,"retainBuild":true},"processParameters":{},"properties":{"BoardsEnvironmentType":{"$type":"System.String","$value":"unmapped"},"LinkBoardsWorkItems":{"$type":"System.String","$value":"False"}},"preDeploymentGates":{"id":0,"gatesOptions":null,"gates":[]},"postDeploymentGates":{"id":0,"gatesOptions":null,"gates":[]},"environmentTriggers":[],"badgeUrl":"https://vsrm.dev.azure.com/DevOpsB22B23Azure21/_apis/public/Release/badge/ae2d5da1-1664-4975-a673-653ae0149c54/1/2"},{"id":3,"name":"Terraform Workspace Creation","rank":3,"owner":{"displayName":"Sreeharsha","url":"https://spsprodcus4.vssps.visualstudio.com/Ae6d39910-fe9b-4714-a6af-d06dfcc6449e/_apis/Identities/86c777b3-7851-6f39-88ed-3939bf3e4afa","_links":{"avatar":{"href":"https://dev.azure.com/DevOpsB22B23Azure21/_apis/GraphProfile/MemberAvatars/msa.ODZjNzc3YjMtNzg1MS03ZjM5LTg4ZWQtMzkzOWJmM2U0YWZh"}},"id":"86c777b3-7851-6f39-88ed-3939bf3e4afa","uniqueName":"sreeaws4@gmail.com","imageUrl":"https://dev.azure.com/DevOpsB22B23Azure21/_apis/GraphProfile/MemberAvatars/msa.ODZjNzc3YjMtNzg1MS03ZjM5LTg4ZWQtMzkzOWJmM2U0YWZh","descriptor":"msa.ODZjNzc3YjMtNzg1MS03ZjM5LTg4ZWQtMzkzOWJmM2U0YWZh"},"variables":{},"variableGroups":[],"preDeployApprovals":{"approvals":[{"rank":1,"isAutomated":true,"isNotificationOn":false,"id":7}],"approvalOptions":{"requiredApproverCount":null,"releaseCreatorCanBeApprover":false,"autoTriggeredAndPreviousEnvironmentApprovedCanBeSkipped":false,"enforceIdentityRevalidation":false,"timeoutInMinutes":0,"executionOrder":1}},"deployStep":{"id":8},"postDeployApprovals":{"approvals":[{"rank":1,"isAutomated":true,"isNotificationOn":false,"id":9}],"approvalOptions":{"requiredApproverCount":null,"releaseCreatorCanBeApprover":false,"autoTriggeredAndPreviousEnvironmentApprovedCanBeSkipped":false,"enforceIdentityRevalidation":false,"timeoutInMinutes":0,"executionOrder":2}},"deployPhases":[{"deploymentInput":{"parallelExecution":{"parallelExecutionType":0},"agentSpecification":null,"skipArtifactsDownload":false,"artifactsDownloadInput":{"downloadInputs":[]},"queueId":33,"demands":[],"enableAccessToken":false,"timeoutInMinutes":0,"jobCancelTimeoutInMinutes":1,"condition":"succeeded()","overrideInputs":{}},"rank":1,"phaseType":1,"name":"Agent job","refName":null,"workflowTasks":[{"environment":{},"taskId":"62f1384e-d077-4a0a-a8fa-78745b8142ed","version":"1.*","name":"Task group: DevOpsB23SecureFiles ","refName":"","enabled":true,"alwaysRun":true,"continueOnError":true,"timeoutInMinutes":0,"retryCountOnTaskFailure":0,"definitionType":"metaTask","overrideInputs":{},"condition":"succeededOrFailed()","inputs":{}},{"environment":{},"taskId":"5bfb729a-a7c8-4a78-a7c3-8d717bb7c13c","version":"2.*","name":"Copying Secure Files To Project Directory","refName":"","enabled":true,"alwaysRun":false,"continueOnError":false,"timeoutInMinutes":0,"retryCountOnTaskFailure":0,"definitionType":"task","overrideInputs":{},"condition":"succeeded()","inputs":{"SourceFolder":"$(Agent.TempDirectory)","Contents":"**","TargetFolder":"/home/adminsree/myagent/_work/r1/a/_Terraform_IaaC_Classic/","CleanTargetFolder":"false","OverWrite":"false","flattenFolders":"false","preserveTimestamp":"false","retryCount":"0","delayBetweenRetries":"1000","ignoreMakeDirErrors":"false"}},{"environment":{},"taskId":"d9bafed4-0b18-4f58-968d-86655b4d2ce9","version":"2.*","name":"Terraform Workspace Creation","refName":"","enabled":true,"alwaysRun":false,"continueOnError":false,"timeoutInMinutes":0,"retryCountOnTaskFailure":0,"definitionType":"task","overrideInputs":{},"condition":"succeeded()","inputs":{"script":"cd _Terraform_IaaC_Classic\npwd\nls -al\nterraform init -backend-config=backend.json\nterraform workspace select dev || terraform workspace new dev\nterraform workspace select prod || terraform workspace new prod\nterraform workspace select test || terraform workspace new test\nterraform workspace list","workingDirectory":"","failOnStderr":"false"}}]}],"environmentOptions":{"emailNotificationType":"OnlyOnFailure","emailRecipients":"release.environment.owner;release.creator","skipArtifactsDownload":false,"timeoutInMinutes":0,"enableAccessToken":false,"publishDeploymentStatus":true,"badgeEnabled":false,"autoLinkWorkItems":false,"pullRequestDeploymentEnabled":false},"demands":[],"conditions":[{"name":"Packer Deployment","conditionType":2,"value":"4"}],"executionPolicy":{"concurrencyCount":1,"queueDepthCount":0},"schedules":[],"currentRelease":{"id":24,"url":"https://vsrm.dev.azure.com/DevOpsB22B23Azure21/ae2d5da1-1664-4975-a673-653ae0149c54/_apis/Release/releases/24","_links":{}},"retentionPolicy":{"daysToKeep":30,"releasesToKeep":3,"retainBuild":true},"processParameters":{},"properties":{"BoardsEnvironmentType":{"$type":"System.String","$value":"unmapped"},"LinkBoardsWorkItems":{"$type":"System.String","$value":"False"}},"preDeploymentGates":{"id":0,"gatesOptions":null,"gates":[]},"postDeploymentGates":{"id":0,"gatesOptions":null,"gates":[]},"environmentTriggers":[],"badgeUrl":"https://vsrm.dev.azure.com/DevOpsB22B23Azure21/_apis/public/Release/badge/ae2d5da1-1664-4975-a673-653ae0149c54/1/3"},{"id":4,"name":"Terraform-Dev-Init-Plan","rank":4,"owner":{"displayName":"Sreeharsha","url":"https://spsprodcus4.vssps.visualstudio.com/Ae6d39910-fe9b-4714-a6af-d06dfcc6449e/_apis/Identities/86c777b3-7851-6f39-88ed-3939bf3e4afa","_links":{"avatar":{"href":"https://dev.azure.com/DevOpsB22B23Azure21/_apis/GraphProfile/MemberAvatars/msa.ODZjNzc3YjMtNzg1MS03ZjM5LTg4ZWQtMzkzOWJmM2U0YWZh"}},"id":"86c777b3-7851-6f39-88ed-3939bf3e4afa","uniqueName":"sreeaws4@gmail.com","imageUrl":"https://dev.azure.com/DevOpsB22B23Azure21/_apis/GraphProfile/MemberAvatars/msa.ODZjNzc3YjMtNzg1MS03ZjM5LTg4ZWQtMzkzOWJmM2U0YWZh","descriptor":"msa.ODZjNzc3YjMtNzg1MS03ZjM5LTg4ZWQtMzkzOWJmM2U0YWZh"},"variables":{},"variableGroups":[],"preDeployApprovals":{"approvals":[{"rank":1,"isAutomated":true,"isNotificationOn":false,"id":10}],"approvalOptions":{"requiredApproverCount":null,"releaseCreatorCanBeApprover":false,"autoTriggeredAndPreviousEnvironmentApprovedCanBeSkipped":false,"enforceIdentityRevalidation":false,"timeoutInMinutes":0,"executionOrder":1}},"deployStep":{"id":11},"postDeployApprovals":{"approvals":[{"rank":1,"isAutomated":true,"isNotificationOn":false,"id":12}],"approvalOptions":{"requiredApproverCount":null,"releaseCreatorCanBeApprover":false,"autoTriggeredAndPreviousEnvironmentApprovedCanBeSkipped":false,"enforceIdentityRevalidation":false,"timeoutInMinutes":0,"executionOrder":2}},"deployPhases":[{"deploymentInput":{"parallelExecution":{"parallelExecutionType":0},"agentSpecification":null,"skipArtifactsDownload":false,"artifactsDownloadInput":{"downloadInputs":[]},"queueId":33,"demands":[],"enableAccessToken":false,"timeoutInMinutes":0,"jobCancelTimeoutInMinutes":1,"condition":"succeeded()","overrideInputs":{}},"rank":1,"phaseType":1,"name":"Agent job","refName":null,"workflowTasks":[{"environment":{},"taskId":"62f1384e-d077-4a0a-a8fa-78745b8142ed","version":"1.*","name":"Task group: DevOpsB23SecureFiles ","refName":"","enabled":true,"alwaysRun":true,"continueOnError":true,"timeoutInMinutes":0,"retryCountOnTaskFailure":0,"definitionType":"metaTask","overrideInputs":{},"condition":"succeededOrFailed()","inputs":{}},{"environment":{},"taskId":"5bfb729a-a7c8-4a78-a7c3-8d717bb7c13c","version":"2.*","name":"Copying Secure Files To Project Directory","refName":"","enabled":true,"alwaysRun":false,"continueOnError":false,"timeoutInMinutes":0,"retryCountOnTaskFailure":0,"definitionType":"task","overrideInputs":{},"condition":"succeeded()","inputs":{"SourceFolder":"$(Agent.TempDirectory)","Contents":"**","TargetFolder":"/home/adminsree/myagent/_work/r1/a/_Terraform_IaaC_Classic/","CleanTargetFolder":"false","OverWrite":"false","flattenFolders":"false","preserveTimestamp":"false","retryCount":"0","delayBetweenRetries":"1000","ignoreMakeDirErrors":"false"}},{"environment":{},"taskId":"d9bafed4-0b18-4f58-968d-86655b4d2ce9","version":"2.*","name":"Terraform Plan Dev Env","refName":"","enabled":true,"alwaysRun":false,"continueOnError":false,"timeoutInMinutes":0,"retryCountOnTaskFailure":0,"definitionType":"task","overrideInputs":{},"condition":"succeeded()","inputs":{"script":"cd _Terraform_IaaC_Classic\npwd\nls -al\nexport TF_INPUT=0\nterraform init -backend-config=backend.json\nterraform workspace list\nterraform workspace select dev\nterraform plan --var-file dev.tfvars  -var=\"env=Dev\" -var=\"Megastar=$(Megastar)\" -var=\"Superstar=$(Superstar)\" -var=\"YoungTiger=$(YoungTiger)\"","workingDirectory":"","failOnStderr":"false"}}]}],"environmentOptions":{"emailNotificationType":"OnlyOnFailure","emailRecipients":"release.environment.owner;release.creator","skipArtifactsDownload":false,"timeoutInMinutes":0,"enableAccessToken":false,"publishDeploymentStatus":true,"badgeEnabled":false,"autoLinkWorkItems":false,"pullRequestDeploymentEnabled":false},"demands":[],"conditions":[{"name":"Terraform Workspace Creation","conditionType":2,"value":"4"}],"executionPolicy":{"concurrencyCount":1,"queueDepthCount":0},"schedules":[],"currentRelease":{"id":24,"url":"https://vsrm.dev.azure.com/DevOpsB22B23Azure21/ae2d5da1-1664-4975-a673-653ae0149c54/_apis/Release/releases/24","_links":{}},"retentionPolicy":{"daysToKeep":30,"releasesToKeep":3,"retainBuild":true},"processParameters":{},"properties":{"BoardsEnvironmentType":{"$type":"System.String","$value":"unmapped"},"LinkBoardsWorkItems":{"$type":"System.String","$value":"False"}},"preDeploymentGates":{"id":0,"gatesOptions":null,"gates":[]},"postDeploymentGates":{"id":0,"gatesOptions":null,"gates":[]},"environmentTriggers":[],"badgeUrl":"https://vsrm.dev.azure.com/DevOpsB22B23Azure21/_apis/public/Release/badge/ae2d5da1-1664-4975-a673-653ae0149c54/1/4"},{"id":5,"name":"Terraform-Dev-Init-Apply","rank":5,"owner":{"displayName":"Sreeharsha","url":"https://spsprodcus4.vssps.visualstudio.com/Ae6d39910-fe9b-4714-a6af-d06dfcc6449e/_apis/Identities/86c777b3-7851-6f39-88ed-3939bf3e4afa","_links":{"avatar":{"href":"https://dev.azure.com/DevOpsB22B23Azure21/_apis/GraphProfile/MemberAvatars/msa.ODZjNzc3YjMtNzg1MS03ZjM5LTg4ZWQtMzkzOWJmM2U0YWZh"}},"id":"86c777b3-7851-6f39-88ed-3939bf3e4afa","uniqueName":"sreeaws4@gmail.com","imageUrl":"https://dev.azure.com/DevOpsB22B23Azure21/_apis/GraphProfile/MemberAvatars/msa.ODZjNzc3YjMtNzg1MS03ZjM5LTg4ZWQtMzkzOWJmM2U0YWZh","descriptor":"msa.ODZjNzc3YjMtNzg1MS03ZjM5LTg4ZWQtMzkzOWJmM2U0YWZh"},"variables":{},"variableGroups":[],"preDeployApprovals":{"approvals":[{"rank":1,"isAutomated":true,"isNotificationOn":false,"id":13}],"approvalOptions":{"requiredApproverCount":null,"releaseCreatorCanBeApprover":false,"autoTriggeredAndPreviousEnvironmentApprovedCanBeSkipped":false,"enforceIdentityRevalidation":false,"timeoutInMinutes":0,"executionOrder":1}},"deployStep":{"id":14},"postDeployApprovals":{"approvals":[{"rank":1,"isAutomated":true,"isNotificationOn":false,"id":15}],"approvalOptions":{"requiredApproverCount":null,"releaseCreatorCanBeApprover":false,"autoTriggeredAndPreviousEnvironmentApprovedCanBeSkipped":false,"enforceIdentityRevalidation":false,"timeoutInMinutes":0,"executionOrder":2}},"deployPhases":[{"deploymentInput":{"parallelExecution":{"parallelExecutionType":0},"agentSpecification":null,"skipArtifactsDownload":false,"artifactsDownloadInput":{"downloadInputs":[]},"queueId":33,"demands":[],"enableAccessToken":false,"timeoutInMinutes":0,"jobCancelTimeoutInMinutes":1,"condition":"succeeded()","overrideInputs":{}},"rank":1,"phaseType":1,"name":"Agent job","refName":null,"workflowTasks":[{"environment":{},"taskId":"62f1384e-d077-4a0a-a8fa-78745b8142ed","version":"1.*","name":"Task group: DevOpsB23SecureFiles ","refName":"","enabled":true,"alwaysRun":true,"continueOnError":true,"timeoutInMinutes":0,"retryCountOnTaskFailure":0,"definitionType":"metaTask","overrideInputs":{},"condition":"succeededOrFailed()","inputs":{}},{"environment":{},"taskId":"5bfb729a-a7c8-4a78-a7c3-8d717bb7c13c","version":"2.*","name":"Copying Secure Files To Project Directory","refName":"","enabled":true,"alwaysRun":false,"continueOnError":false,"timeoutInMinutes":0,"retryCountOnTaskFailure":0,"definitionType":"task","overrideInputs":{},"condition":"succeeded()","inputs":{"SourceFolder":"$(Agent.TempDirectory)","Contents":"**","TargetFolder":"/home/adminsree/myagent/_work/r1/a/_Terraform_IaaC_Classic/","CleanTargetFolder":"false","OverWrite":"false","flattenFolders":"false","preserveTimestamp":"false","retryCount":"0","delayBetweenRetries":"1000","ignoreMakeDirErrors":"false"}},{"environment":{},"taskId":"d9bafed4-0b18-4f58-968d-86655b4d2ce9","version":"2.*","name":"Terraform Apply Dev Env","refName":"","enabled":true,"alwaysRun":false,"continueOnError":false,"timeoutInMinutes":0,"retryCountOnTaskFailure":0,"definitionType":"task","overrideInputs":{},"condition":"succeeded()","inputs":{"script":"cd _Terraform_IaaC_Classic\npwd\nls -al\nexport TF_INPUT=0\nterraform init -backend-config=backend.json\nterraform workspace list\nterraform workspace select dev\nterraform apply --var-file dev.tfvars  -var=\"env=Dev\" -var=\"Megastar=$(Megastar)\" -var=\"Superstar=$(Superstar)\" -var=\"YoungTiger=$(YoungTiger)\" --auto-approve\n","workingDirectory":"","failOnStderr":"false"}}]}],"environmentOptions":{"emailNotificationType":"OnlyOnFailure","emailRecipients":"release.environment.owner;release.creator","skipArtifactsDownload":false,"timeoutInMinutes":0,"enableAccessToken":false,"publishDeploymentStatus":true,"badgeEnabled":false,"autoLinkWorkItems":false,"pullRequestDeploymentEnabled":false},"demands":[],"conditions":[{"name":"Terraform-Dev-Init-Plan","conditionType":2,"value":"4"}],"executionPolicy":{"concurrencyCount":1,"queueDepthCount":0},"schedules":[],"currentRelease":{"id":24,"url":"https://vsrm.dev.azure.com/DevOpsB22B23Azure21/ae2d5da1-1664-4975-a673-653ae0149c54/_apis/Release/releases/24","_links":{}},"retentionPolicy":{"daysToKeep":30,"releasesToKeep":3,"retainBuild":true},"processParameters":{},"properties":{"BoardsEnvironmentType":{"$type":"System.String","$value":"unmapped"},"LinkBoardsWorkItems":{"$type":"System.String","$value":"False"}},"preDeploymentGates":{"id":0,"gatesOptions":null,"gates":[]},"postDeploymentGates":{"id":0,"gatesOptions":null,"gates":[]},"environmentTriggers":[],"badgeUrl":"https://vsrm.dev.azure.com/DevOpsB22B23Azure21/_apis/public/Release/badge/ae2d5da1-1664-4975-a673-653ae0149c54/1/5"},{"id":6,"name":"Terraform-UAT-Init-Plan","rank":6,"owner":{"displayName":"Sreeharsha","url":"https://spsprodcus4.vssps.visualstudio.com/Ae6d39910-fe9b-4714-a6af-d06dfcc6449e/_apis/Identities/86c777b3-7851-6f39-88ed-3939bf3e4afa","_links":{"avatar":{"href":"https://dev.azure.com/DevOpsB22B23Azure21/_apis/GraphProfile/MemberAvatars/msa.ODZjNzc3YjMtNzg1MS03ZjM5LTg4ZWQtMzkzOWJmM2U0YWZh"}},"id":"86c777b3-7851-6f39-88ed-3939bf3e4afa","uniqueName":"sreeaws4@gmail.com","imageUrl":"https://dev.azure.com/DevOpsB22B23Azure21/_apis/GraphProfile/MemberAvatars/msa.ODZjNzc3YjMtNzg1MS03ZjM5LTg4ZWQtMzkzOWJmM2U0YWZh","descriptor":"msa.ODZjNzc3YjMtNzg1MS03ZjM5LTg4ZWQtMzkzOWJmM2U0YWZh"},"variables":{},"variableGroups":[],"preDeployApprovals":{"approvals":[{"rank":1,"isAutomated":true,"isNotificationOn":false,"id":16}],"approvalOptions":{"requiredApproverCount":null,"releaseCreatorCanBeApprover":false,"autoTriggeredAndPreviousEnvironmentApprovedCanBeSkipped":false,"enforceIdentityRevalidation":false,"timeoutInMinutes":0,"executionOrder":1}},"deployStep":{"id":17},"postDeployApprovals":{"approvals":[{"rank":1,"isAutomated":true,"isNotificationOn":false,"id":18}],"approvalOptions":{"requiredApproverCount":null,"releaseCreatorCanBeApprover":false,"autoTriggeredAndPreviousEnvironmentApprovedCanBeSkipped":false,"enforceIdentityRevalidation":false,"timeoutInMinutes":0,"executionOrder":2}},"deployPhases":[{"deploymentInput":{"parallelExecution":{"parallelExecutionType":0},"agentSpecification":null,"skipArtifactsDownload":false,"artifactsDownloadInput":{"downloadInputs":[]},"queueId":33,"demands":[],"enableAccessToken":false,"timeoutInMinutes":0,"jobCancelTimeoutInMinutes":1,"condition":"succeeded()","overrideInputs":{}},"rank":1,"phaseType":1,"name":"Agent job","refName":null,"workflowTasks":[{"environment":{},"taskId":"62f1384e-d077-4a0a-a8fa-78745b8142ed","version":"1.*","name":"Task group: DevOpsB23SecureFiles ","refName":"","enabled":true,"alwaysRun":true,"continueOnError":true,"timeoutInMinutes":0,"retryCountOnTaskFailure":0,"definitionType":"metaTask","overrideInputs":{},"condition":"succeededOrFailed()","inputs":{}},{"environment":{},"taskId":"5bfb729a-a7c8-4a78-a7c3-8d717bb7c13c","version":"2.*","name":"Copying Secure Files To Project Directory","refName":"","enabled":true,"alwaysRun":false,"continueOnError":false,"timeoutInMinutes":0,"retryCountOnTaskFailure":0,"definitionType":"task","overrideInputs":{},"condition":"succeeded()","inputs":{"SourceFolder":"$(Agent.TempDirectory)","Contents":"**","TargetFolder":"/home/adminsree/myagent/_work/r1/a/_Terraform_IaaC_Classic/","CleanTargetFolder":"false","OverWrite":"false","flattenFolders":"false","preserveTimestamp":"false","retryCount":"0","delayBetweenRetries":"1000","ignoreMakeDirErrors":"false"}},{"environment":{},"taskId":"d9bafed4-0b18-4f58-968d-86655b4d2ce9","version":"2.*","name":"Terraform Plan UAT Env","refName":"","enabled":true,"alwaysRun":false,"continueOnError":false,"timeoutInMinutes":0,"retryCountOnTaskFailure":0,"definitionType":"task","overrideInputs":{},"condition":"succeeded()","inputs":{"script":"cd _Terraform_IaaC_Classic\npwd\nls -al\nexport TF_INPUT=0\nterraform init -backend-config=backend.json\nterraform workspace list\nterraform workspace select uat\nterraform plan --var-file uat.tfvars  -var=\"env=uat\" -var=\"Megastar=$(Megastar)\" -var=\"Superstar=$(Superstar)\" -var=\"YoungTiger=$(YoungTiger)\"","workingDirectory":"","failOnStderr":"false"}}]}],"environmentOptions":{"emailNotificationType":"OnlyOnFailure","emailRecipients":"release.environment.owner;release.creator","skipArtifactsDownload":false,"timeoutInMinutes":0,"enableAccessToken":false,"publishDeploymentStatus":true,"badgeEnabled":false,"autoLinkWorkItems":false,"pullRequestDeploymentEnabled":false},"demands":[],"conditions":[{"name":"Terraform-Dev-Init-Apply","conditionType":2,"value":"4"}],"executionPolicy":{"concurrencyCount":1,"queueDepthCount":0},"schedules":[],"currentRelease":{"id":24,"url":"https://vsrm.dev.azure.com/DevOpsB22B23Azure21/ae2d5da1-1664-4975-a673-653ae0149c54/_apis/Release/releases/24","_links":{}},"retentionPolicy":{"daysToKeep":30,"releasesToKeep":3,"retainBuild":true},"processParameters":{},"properties":{"BoardsEnvironmentType":{"$type":"System.String","$value":"unmapped"},"LinkBoardsWorkItems":{"$type":"System.String","$value":"False"}},"preDeploymentGates":{"id":0,"gatesOptions":null,"gates":[]},"postDeploymentGates":{"id":0,"gatesOptions":null,"gates":[]},"environmentTriggers":[],"badgeUrl":"https://vsrm.dev.azure.com/DevOpsB22B23Azure21/_apis/public/Release/badge/ae2d5da1-1664-4975-a673-653ae0149c54/1/6"},{"id":7,"name":"Terraform-UAT-Init-Apply","rank":7,"owner":{"displayName":"Sreeharsha","url":"https://spsprodcus4.vssps.visualstudio.com/Ae6d39910-fe9b-4714-a6af-d06dfcc6449e/_apis/Identities/86c777b3-7851-6f39-88ed-3939bf3e4afa","_links":{"avatar":{"href":"https://dev.azure.com/DevOpsB22B23Azure21/_apis/GraphProfile/MemberAvatars/msa.ODZjNzc3YjMtNzg1MS03ZjM5LTg4ZWQtMzkzOWJmM2U0YWZh"}},"id":"86c777b3-7851-6f39-88ed-3939bf3e4afa","uniqueName":"sreeaws4@gmail.com","imageUrl":"https://dev.azure.com/DevOpsB22B23Azure21/_apis/GraphProfile/MemberAvatars/msa.ODZjNzc3YjMtNzg1MS03ZjM5LTg4ZWQtMzkzOWJmM2U0YWZh","descriptor":"msa.ODZjNzc3YjMtNzg1MS03ZjM5LTg4ZWQtMzkzOWJmM2U0YWZh"},"variables":{},"variableGroups":[],"preDeployApprovals":{"approvals":[{"rank":1,"isAutomated":true,"isNotificationOn":false,"id":19}],"approvalOptions":{"requiredApproverCount":null,"releaseCreatorCanBeApprover":false,"autoTriggeredAndPreviousEnvironmentApprovedCanBeSkipped":false,"enforceIdentityRevalidation":false,"timeoutInMinutes":0,"executionOrder":1}},"deployStep":{"id":20},"postDeployApprovals":{"approvals":[{"rank":1,"isAutomated":true,"isNotificationOn":false,"id":21}],"approvalOptions":{"requiredApproverCount":null,"releaseCreatorCanBeApprover":false,"autoTriggeredAndPreviousEnvironmentApprovedCanBeSkipped":false,"enforceIdentityRevalidation":false,"timeoutInMinutes":0,"executionOrder":2}},"deployPhases":[{"deploymentInput":{"parallelExecution":{"parallelExecutionType":0},"agentSpecification":null,"skipArtifactsDownload":false,"artifactsDownloadInput":{"downloadInputs":[]},"queueId":33,"demands":[],"enableAccessToken":false,"timeoutInMinutes":0,"jobCancelTimeoutInMinutes":1,"condition":"succeeded()","overrideInputs":{}},"rank":1,"phaseType":1,"name":"Agent job","refName":null,"workflowTasks":[{"environment":{},"taskId":"62f1384e-d077-4a0a-a8fa-78745b8142ed","version":"1.*","name":"Task group: DevOpsB23SecureFiles ","refName":"","enabled":true,"alwaysRun":true,"continueOnError":true,"timeoutInMinutes":0,"retryCountOnTaskFailure":0,"definitionType":"metaTask","overrideInputs":{},"condition":"succeededOrFailed()","inputs":{}},{"environment":{},"taskId":"5bfb729a-a7c8-4a78-a7c3-8d717bb7c13c","version":"2.*","name":"Copying Secure Files To Project Directory","refName":"","enabled":true,"alwaysRun":false,"continueOnError":false,"timeoutInMinutes":0,"retryCountOnTaskFailure":0,"definitionType":"task","overrideInputs":{},"condition":"succeeded()","inputs":{"SourceFolder":"$(Agent.TempDirectory)","Contents":"**","TargetFolder":"/home/adminsree/myagent/_work/r1/a/_Terraform_IaaC_Classic/","CleanTargetFolder":"false","OverWrite":"false","flattenFolders":"false","preserveTimestamp":"false","retryCount":"0","delayBetweenRetries":"1000","ignoreMakeDirErrors":"false"}},{"environment":{},"taskId":"d9bafed4-0b18-4f58-968d-86655b4d2ce9","version":"2.*","name":"Terraform Apply UAT Env","refName":"","enabled":true,"alwaysRun":false,"continueOnError":false,"timeoutInMinutes":0,"retryCountOnTaskFailure":0,"definitionType":"task","overrideInputs":{},"condition":"succeeded()","inputs":{"script":"cd _Terraform_IaaC_Classic\npwd\nls -al\nexport TF_INPUT=0\nterraform init -backend-config=backend.json\nterraform workspace list\nterraform workspace select uat\nterraform apply --var-file uat.tfvars  -var=\"env=uat\" -var=\"Megastar=$(Megastar)\" -var=\"Superstar=$(Superstar)\" -var=\"YoungTiger=$(YoungTiger)\" --auto-approve","workingDirectory":"","failOnStderr":"false"}}]}],"environmentOptions":{"emailNotificationType":"OnlyOnFailure","emailRecipients":"release.environment.owner;release.creator","skipArtifactsDownload":false,"timeoutInMinutes":0,"enableAccessToken":false,"publishDeploymentStatus":true,"badgeEnabled":false,"autoLinkWorkItems":false,"pullRequestDeploymentEnabled":false},"demands":[],"conditions":[{"name":"Terraform-UAT-Init-Plan","conditionType":2,"value":"4"}],"executionPolicy":{"concurrencyCount":1,"queueDepthCount":0},"schedules":[],"currentRelease":{"id":24,"url":"https://vsrm.dev.azure.com/DevOpsB22B23Azure21/ae2d5da1-1664-4975-a673-653ae0149c54/_apis/Release/releases/24","_links":{}},"retentionPolicy":{"daysToKeep":30,"releasesToKeep":3,"retainBuild":true},"processParameters":{},"properties":{"BoardsEnvironmentType":{"$type":"System.String","$value":"unmapped"},"LinkBoardsWorkItems":{"$type":"System.String","$value":"False"}},"preDeploymentGates":{"id":0,"gatesOptions":null,"gates":[]},"postDeploymentGates":{"id":0,"gatesOptions":null,"gates":[]},"environmentTriggers":[],"badgeUrl":"https://vsrm.dev.azure.com/DevOpsB22B23Azure21/_apis/public/Release/badge/ae2d5da1-1664-4975-a673-653ae0149c54/1/7"},{"id":8,"name":"Terraform-Prod-Init-Plan","rank":8,"owner":{"displayName":"Sreeharsha","url":"https://spsprodcus4.vssps.visualstudio.com/Ae6d39910-fe9b-4714-a6af-d06dfcc6449e/_apis/Identities/86c777b3-7851-6f39-88ed-3939bf3e4afa","_links":{"avatar":{"href":"https://dev.azure.com/DevOpsB22B23Azure21/_apis/GraphProfile/MemberAvatars/msa.ODZjNzc3YjMtNzg1MS03ZjM5LTg4ZWQtMzkzOWJmM2U0YWZh"}},"id":"86c777b3-7851-6f39-88ed-3939bf3e4afa","uniqueName":"sreeaws4@gmail.com","imageUrl":"https://dev.azure.com/DevOpsB22B23Azure21/_apis/GraphProfile/MemberAvatars/msa.ODZjNzc3YjMtNzg1MS03ZjM5LTg4ZWQtMzkzOWJmM2U0YWZh","descriptor":"msa.ODZjNzc3YjMtNzg1MS03ZjM5LTg4ZWQtMzkzOWJmM2U0YWZh"},"variables":{},"variableGroups":[],"preDeployApprovals":{"approvals":[{"rank":1,"isAutomated":true,"isNotificationOn":false,"id":22}],"approvalOptions":{"requiredApproverCount":null,"releaseCreatorCanBeApprover":false,"autoTriggeredAndPreviousEnvironmentApprovedCanBeSkipped":false,"enforceIdentityRevalidation":false,"timeoutInMinutes":0,"executionOrder":1}},"deployStep":{"id":23},"postDeployApprovals":{"approvals":[{"rank":1,"isAutomated":true,"isNotificationOn":false,"id":24}],"approvalOptions":{"requiredApproverCount":null,"releaseCreatorCanBeApprover":false,"autoTriggeredAndPreviousEnvironmentApprovedCanBeSkipped":false,"enforceIdentityRevalidation":false,"timeoutInMinutes":0,"executionOrder":2}},"deployPhases":[{"deploymentInput":{"parallelExecution":{"parallelExecutionType":0},"agentSpecification":null,"skipArtifactsDownload":false,"artifactsDownloadInput":{"downloadInputs":[]},"queueId":33,"demands":[],"enableAccessToken":false,"timeoutInMinutes":0,"jobCancelTimeoutInMinutes":1,"condition":"succeeded()","overrideInputs":{}},"rank":1,"phaseType":1,"name":"Agent job","refName":null,"workflowTasks":[{"environment":{},"taskId":"62f1384e-d077-4a0a-a8fa-78745b8142ed","version":"1.*","name":"Task group: DevOpsB23SecureFiles ","refName":"","enabled":true,"alwaysRun":true,"continueOnError":true,"timeoutInMinutes":0,"retryCountOnTaskFailure":0,"definitionType":"metaTask","overrideInputs":{},"condition":"succeededOrFailed()","inputs":{}},{"environment":{},"taskId":"5bfb729a-a7c8-4a78-a7c3-8d717bb7c13c","version":"2.*","name":"Copying Secure Files To Project Directory","refName":"","enabled":true,"alwaysRun":false,"continueOnError":false,"timeoutInMinutes":0,"retryCountOnTaskFailure":0,"definitionType":"task","overrideInputs":{},"condition":"succeeded()","inputs":{"SourceFolder":"$(Agent.TempDirectory)","Contents":"**","TargetFolder":"/home/adminsree/myagent/_work/r1/a/_Terraform_IaaC_Classic/","CleanTargetFolder":"false","OverWrite":"false","flattenFolders":"false","preserveTimestamp":"false","retryCount":"0","delayBetweenRetries":"1000","ignoreMakeDirErrors":"false"}},{"environment":{},"taskId":"d9bafed4-0b18-4f58-968d-86655b4d2ce9","version":"2.*","name":"Terraform Plan Prod Env","refName":"","enabled":true,"alwaysRun":false,"continueOnError":false,"timeoutInMinutes":0,"retryCountOnTaskFailure":0,"definitionType":"task","overrideInputs":{},"condition":"succeeded()","inputs":{"script":"cd _Terraform_IaaC_Classic\npwd\nls -al\nexport TF_INPUT=0\nterraform init -backend-config=backend.json\nterraform workspace list\nterraform workspace select prod\nterraform plan --var-file prod.tfvars  -var=\"env=prod\" -var=\"Megastar=$(Megastar)\" -var=\"Superstar=$(Superstar)\" -var=\"YoungTiger=$(YoungTiger)\"","workingDirectory":"","failOnStderr":"false"}}]}],"environmentOptions":{"emailNotificationType":"OnlyOnFailure","emailRecipients":"release.environment.owner;release.creator","skipArtifactsDownload":false,"timeoutInMinutes":0,"enableAccessToken":false,"publishDeploymentStatus":true,"badgeEnabled":false,"autoLinkWorkItems":false,"pullRequestDeploymentEnabled":false},"demands":[],"conditions":[{"name":"Terraform-UAT-Init-Apply","conditionType":2,"value":"4"}],"executionPolicy":{"concurrencyCount":1,"queueDepthCount":0},"schedules":[],"currentRelease":{"id":24,"url":"https://vsrm.dev.azure.com/DevOpsB22B23Azure21/ae2d5da1-1664-4975-a673-653ae0149c54/_apis/Release/releases/24","_links":{}},"retentionPolicy":{"daysToKeep":30,"releasesToKeep":3,"retainBuild":true},"processParameters":{},"properties":{"BoardsEnvironmentType":{"$type":"System.String","$value":"unmapped"},"LinkBoardsWorkItems":{"$type":"System.String","$value":"False"}},"preDeploymentGates":{"id":0,"gatesOptions":null,"gates":[]},"postDeploymentGates":{"id":0,"gatesOptions":null,"gates":[]},"environmentTriggers":[],"badgeUrl":"https://vsrm.dev.azure.com/DevOpsB22B23Azure21/_apis/public/Release/badge/ae2d5da1-1664-4975-a673-653ae0149c54/1/8"},{"id":9,"name":"Terraform-Prod-Init-Apply","rank":9,"owner":{"displayName":"Sreeharsha","url":"https://spsprodcus4.vssps.visualstudio.com/Ae6d39910-fe9b-4714-a6af-d06dfcc6449e/_apis/Identities/86c777b3-7851-6f39-88ed-3939bf3e4afa","_links":{"avatar":{"href":"https://dev.azure.com/DevOpsB22B23Azure21/_apis/GraphProfile/MemberAvatars/msa.ODZjNzc3YjMtNzg1MS03ZjM5LTg4ZWQtMzkzOWJmM2U0YWZh"}},"id":"86c777b3-7851-6f39-88ed-3939bf3e4afa","uniqueName":"sreeaws4@gmail.com","imageUrl":"https://dev.azure.com/DevOpsB22B23Azure21/_apis/GraphProfile/MemberAvatars/msa.ODZjNzc3YjMtNzg1MS03ZjM5LTg4ZWQtMzkzOWJmM2U0YWZh","descriptor":"msa.ODZjNzc3YjMtNzg1MS03ZjM5LTg4ZWQtMzkzOWJmM2U0YWZh"},"variables":{},"variableGroups":[],"preDeployApprovals":{"approvals":[{"rank":1,"isAutomated":true,"isNotificationOn":false,"id":25}],"approvalOptions":{"requiredApproverCount":null,"releaseCreatorCanBeApprover":false,"autoTriggeredAndPreviousEnvironmentApprovedCanBeSkipped":false,"enforceIdentityRevalidation":false,"timeoutInMinutes":0,"executionOrder":1}},"deployStep":{"id":26},"postDeployApprovals":{"approvals":[{"rank":1,"isAutomated":true,"isNotificationOn":false,"id":27}],"approvalOptions":{"requiredApproverCount":null,"releaseCreatorCanBeApprover":false,"autoTriggeredAndPreviousEnvironmentApprovedCanBeSkipped":false,"enforceIdentityRevalidation":false,"timeoutInMinutes":0,"executionOrder":2}},"deployPhases":[{"deploymentInput":{"parallelExecution":{"parallelExecutionType":0},"agentSpecification":null,"skipArtifactsDownload":false,"artifactsDownloadInput":{"downloadInputs":[]},"queueId":33,"demands":[],"enableAccessToken":false,"timeoutInMinutes":0,"jobCancelTimeoutInMinutes":1,"condition":"succeeded()","overrideInputs":{}},"rank":1,"phaseType":1,"name":"Agent job","refName":null,"workflowTasks":[{"environment":{},"taskId":"62f1384e-d077-4a0a-a8fa-78745b8142ed","version":"1.*","name":"Task group: DevOpsB23SecureFiles ","refName":"","enabled":true,"alwaysRun":true,"continueOnError":true,"timeoutInMinutes":0,"retryCountOnTaskFailure":0,"definitionType":"metaTask","overrideInputs":{},"condition":"succeededOrFailed()","inputs":{}},{"environment":{},"taskId":"5bfb729a-a7c8-4a78-a7c3-8d717bb7c13c","version":"2.*","name":"Copying Secure Files To Project Directory","refName":"","enabled":true,"alwaysRun":false,"continueOnError":false,"timeoutInMinutes":0,"retryCountOnTaskFailure":0,"definitionType":"task","overrideInputs":{},"condition":"succeeded()","inputs":{"SourceFolder":"$(Agent.TempDirectory)","Contents":"**","TargetFolder":"/home/adminsree/myagent/_work/r1/a/_Terraform_IaaC_Classic/","CleanTargetFolder":"false","OverWrite":"false","flattenFolders":"false","preserveTimestamp":"false","retryCount":"0","delayBetweenRetries":"1000","ignoreMakeDirErrors":"false"}},{"environment":{},"taskId":"d9bafed4-0b18-4f58-968d-86655b4d2ce9","version":"2.*","name":"Terraform Plan Prod Env","refName":"","enabled":true,"alwaysRun":false,"continueOnError":false,"timeoutInMinutes":0,"retryCountOnTaskFailure":0,"definitionType":"task","overrideInputs":{},"condition":"succeeded()","inputs":{"script":"cd _Terraform_IaaC_Classic\npwd\nls -al\nexport TF_INPUT=0\nterraform init -backend-config=backend.json\nterraform workspace list\nterraform workspace select prod\nterraform apply --var-file prod.tfvars  -var=\"env=prod\" -var=\"Megastar=$(Megastar)\" -var=\"Superstar=$(Superstar)\" -var=\"YoungTiger=$(YoungTiger)\" --auto-approve","workingDirectory":"","failOnStderr":"false"}}]}],"environmentOptions":{"emailNotificationType":"OnlyOnFailure","emailRecipients":"release.environment.owner;release.creator","skipArtifactsDownload":false,"timeoutInMinutes":0,"enableAccessToken":false,"publishDeploymentStatus":true,"badgeEnabled":false,"autoLinkWorkItems":false,"pullRequestDeploymentEnabled":false},"demands":[],"conditions":[{"name":"Terraform-Prod-Init-Plan","conditionType":2,"value":"4"}],"executionPolicy":{"concurrencyCount":1,"queueDepthCount":0},"schedules":[],"currentRelease":{"id":24,"url":"https://vsrm.dev.azure.com/DevOpsB22B23Azure21/ae2d5da1-1664-4975-a673-653ae0149c54/_apis/Release/releases/24","_links":{}},"retentionPolicy":{"daysToKeep":30,"releasesToKeep":3,"retainBuild":true},"processParameters":{},"properties":{"BoardsEnvironmentType":{"$type":"System.String","$value":"production"},"LinkBoardsWorkItems":{"$type":"System.String","$value":"False"}},"preDeploymentGates":{"id":0,"gatesOptions":null,"gates":[]},"postDeploymentGates":{"id":0,"gatesOptions":null,"gates":[]},"environmentTriggers":[],"badgeUrl":"https://vsrm.dev.azure.com/DevOpsB22B23Azure21/_apis/public/Release/badge/ae2d5da1-1664-4975-a673-653ae0149c54/1/9"},{"id":10,"name":"Terraform-Dev-Init-Destroy","rank":10,"owner":{"displayName":"Sreeharsha","url":"https://spsprodcus4.vssps.visualstudio.com/Ae6d39910-fe9b-4714-a6af-d06dfcc6449e/_apis/Identities/86c777b3-7851-6f39-88ed-3939bf3e4afa","_links":{"avatar":{"href":"https://dev.azure.com/DevOpsB22B23Azure21/_apis/GraphProfile/MemberAvatars/msa.ODZjNzc3YjMtNzg1MS03ZjM5LTg4ZWQtMzkzOWJmM2U0YWZh"}},"id":"86c777b3-7851-6f39-88ed-3939bf3e4afa","uniqueName":"sreeaws4@gmail.com","imageUrl":"https://dev.azure.com/DevOpsB22B23Azure21/_apis/GraphProfile/MemberAvatars/msa.ODZjNzc3YjMtNzg1MS03ZjM5LTg4ZWQtMzkzOWJmM2U0YWZh","descriptor":"msa.ODZjNzc3YjMtNzg1MS03ZjM5LTg4ZWQtMzkzOWJmM2U0YWZh"},"variables":{},"variableGroups":[],"preDeployApprovals":{"approvals":[{"rank":1,"isAutomated":true,"isNotificationOn":false,"id":28}],"approvalOptions":{"requiredApproverCount":null,"releaseCreatorCanBeApprover":false,"autoTriggeredAndPreviousEnvironmentApprovedCanBeSkipped":false,"enforceIdentityRevalidation":false,"timeoutInMinutes":0,"executionOrder":1}},"deployStep":{"id":29},"postDeployApprovals":{"approvals":[{"rank":1,"isAutomated":true,"isNotificationOn":false,"id":30}],"approvalOptions":{"requiredApproverCount":null,"releaseCreatorCanBeApprover":false,"autoTriggeredAndPreviousEnvironmentApprovedCanBeSkipped":false,"enforceIdentityRevalidation":false,"timeoutInMinutes":0,"executionOrder":2}},"deployPhases":[{"deploymentInput":{"parallelExecution":{"parallelExecutionType":0},"agentSpecification":null,"skipArtifactsDownload":false,"artifactsDownloadInput":{"downloadInputs":[]},"queueId":33,"demands":[],"enableAccessToken":false,"timeoutInMinutes":0,"jobCancelTimeoutInMinutes":1,"condition":"succeeded()","overrideInputs":{}},"rank":1,"phaseType":1,"name":"Agent job","refName":null,"workflowTasks":[{"environment":{},"taskId":"62f1384e-d077-4a0a-a8fa-78745b8142ed","version":"1.*","name":"Task group: DevOpsB23SecureFiles ","refName":"","enabled":true,"alwaysRun":true,"continueOnError":true,"timeoutInMinutes":0,"retryCountOnTaskFailure":0,"definitionType":"metaTask","overrideInputs":{},"condition":"succeededOrFailed()","inputs":{}},{"environment":{},"taskId":"5bfb729a-a7c8-4a78-a7c3-8d717bb7c13c","version":"2.*","name":"Copying Secure Files To Project Directory","refName":"","enabled":true,"alwaysRun":false,"continueOnError":false,"timeoutInMinutes":0,"retryCountOnTaskFailure":0,"definitionType":"task","overrideInputs":{},"condition":"succeeded()","inputs":{"SourceFolder":"$(Agent.TempDirectory)","Contents":"**","TargetFolder":"/home/adminsree/myagent/_work/r1/a/_Terraform_IaaC_Classic/","CleanTargetFolder":"false","OverWrite":"false","flattenFolders":"false","preserveTimestamp":"false","retryCount":"0","delayBetweenRetries":"1000","ignoreMakeDirErrors":"false"}},{"environment":{},"taskId":"d9bafed4-0b18-4f58-968d-86655b4d2ce9","version":"2.*","name":"Terraform Destroy Dev Env","refName":"","enabled":true,"alwaysRun":false,"continueOnError":false,"timeoutInMinutes":0,"retryCountOnTaskFailure":0,"definitionType":"task","overrideInputs":{},"condition":"succeeded()","inputs":{"script":"cd _Terraform_IaaC_Classic\npwd\nls -al\nexport TF_INPUT=0\nterraform init -backend-config=backend.json\nterraform workspace list\nterraform workspace select dev\nterraform destroy --var-file dev.tfvars  -var=\"env=Dev\" -var=\"Megastar=$(Megastar)\" -var=\"Superstar=$(Superstar)\" -var=\"YoungTiger=$(YoungTiger)\" --auto-approve","workingDirectory":"","failOnStderr":"false"}}]}],"environmentOptions":{"emailNotificationType":"OnlyOnFailure","emailRecipients":"release.environment.owner;release.creator","skipArtifactsDownload":false,"timeoutInMinutes":0,"enableAccessToken":false,"publishDeploymentStatus":true,"badgeEnabled":false,"autoLinkWorkItems":false,"pullRequestDeploymentEnabled":false},"demands":[],"conditions":[],"executionPolicy":{"concurrencyCount":1,"queueDepthCount":0},"schedules":[],"currentRelease":{"id":24,"url":"https://vsrm.dev.azure.com/DevOpsB22B23Azure21/ae2d5da1-1664-4975-a673-653ae0149c54/_apis/Release/releases/24","_links":{}},"retentionPolicy":{"daysToKeep":30,"releasesToKeep":3,"retainBuild":true},"processParameters":{},"properties":{"BoardsEnvironmentType":{"$type":"System.String","$value":"unmapped"},"LinkBoardsWorkItems":{"$type":"System.String","$value":"False"}},"preDeploymentGates":{"id":0,"gatesOptions":null,"gates":[]},"postDeploymentGates":{"id":0,"gatesOptions":null,"gates":[]},"environmentTriggers":[],"badgeUrl":"https://vsrm.dev.azure.com/DevOpsB22B23Azure21/_apis/public/Release/badge/ae2d5da1-1664-4975-a673-653ae0149c54/1/10"},{"id":11,"name":"Terraform-UAT-Init-Destroy","rank":11,"owner":{"displayName":"Sreeharsha","url":"https://spsprodcus4.vssps.visualstudio.com/Ae6d39910-fe9b-4714-a6af-d06dfcc6449e/_apis/Identities/86c777b3-7851-6f39-88ed-3939bf3e4afa","_links":{"avatar":{"href":"https://dev.azure.com/DevOpsB22B23Azure21/_apis/GraphProfile/MemberAvatars/msa.ODZjNzc3YjMtNzg1MS03ZjM5LTg4ZWQtMzkzOWJmM2U0YWZh"}},"id":"86c777b3-7851-6f39-88ed-3939bf3e4afa","uniqueName":"sreeaws4@gmail.com","imageUrl":"https://dev.azure.com/DevOpsB22B23Azure21/_apis/GraphProfile/MemberAvatars/msa.ODZjNzc3YjMtNzg1MS03ZjM5LTg4ZWQtMzkzOWJmM2U0YWZh","descriptor":"msa.ODZjNzc3YjMtNzg1MS03ZjM5LTg4ZWQtMzkzOWJmM2U0YWZh"},"variables":{},"variableGroups":[],"preDeployApprovals":{"approvals":[{"rank":1,"isAutomated":true,"isNotificationOn":false,"id":31}],"approvalOptions":{"requiredApproverCount":null,"releaseCreatorCanBeApprover":false,"autoTriggeredAndPreviousEnvironmentApprovedCanBeSkipped":false,"enforceIdentityRevalidation":false,"timeoutInMinutes":0,"executionOrder":1}},"deployStep":{"id":32},"postDeployApprovals":{"approvals":[{"rank":1,"isAutomated":true,"isNotificationOn":false,"id":33}],"approvalOptions":{"requiredApproverCount":null,"releaseCreatorCanBeApprover":false,"autoTriggeredAndPreviousEnvironmentApprovedCanBeSkipped":false,"enforceIdentityRevalidation":false,"timeoutInMinutes":0,"executionOrder":2}},"deployPhases":[{"deploymentInput":{"parallelExecution":{"parallelExecutionType":0},"agentSpecification":null,"skipArtifactsDownload":false,"artifactsDownloadInput":{"downloadInputs":[]},"queueId":33,"demands":[],"enableAccessToken":false,"timeoutInMinutes":0,"jobCancelTimeoutInMinutes":1,"condition":"succeeded()","overrideInputs":{}},"rank":1,"phaseType":1,"name":"Agent job","refName":null,"workflowTasks":[{"environment":{},"taskId":"62f1384e-d077-4a0a-a8fa-78745b8142ed","version":"1.*","name":"Task group: DevOpsB23SecureFiles ","refName":"","enabled":true,"alwaysRun":true,"continueOnError":true,"timeoutInMinutes":0,"retryCountOnTaskFailure":0,"definitionType":"metaTask","overrideInputs":{},"condition":"succeededOrFailed()","inputs":{}},{"environment":{},"taskId":"5bfb729a-a7c8-4a78-a7c3-8d717bb7c13c","version":"2.*","name":"Copying Secure Files To Project Directory","refName":"","enabled":true,"alwaysRun":false,"continueOnError":false,"timeoutInMinutes":0,"retryCountOnTaskFailure":0,"definitionType":"task","overrideInputs":{},"condition":"succeeded()","inputs":{"SourceFolder":"$(Agent.TempDirectory)","Contents":"**","TargetFolder":"/home/adminsree/myagent/_work/r1/a/_Terraform_IaaC_Classic/","CleanTargetFolder":"false","OverWrite":"false","flattenFolders":"false","preserveTimestamp":"false","retryCount":"0","delayBetweenRetries":"1000","ignoreMakeDirErrors":"false"}},{"environment":{},"taskId":"d9bafed4-0b18-4f58-968d-86655b4d2ce9","version":"2.*","name":"Terraform Destroy UAT Env","refName":"","enabled":true,"alwaysRun":false,"continueOnError":false,"timeoutInMinutes":0,"retryCountOnTaskFailure":0,"definitionType":"task","overrideInputs":{},"condition":"succeeded()","inputs":{"script":"cd _Terraform_IaaC_Classic\npwd\nls -al\nexport TF_INPUT=0\nterraform init -backend-config=backend.json\nterraform workspace list\nterraform workspace select uat\nterraform destroy --var-file uat.tfvars  -var=\"env=uat\" -var=\"Megastar=$(Megastar)\" -var=\"Superstar=$(Superstar)\" -var=\"YoungTiger=$(YoungTiger)\" --auto-approve","workingDirectory":"","failOnStderr":"false"}}]}],"environmentOptions":{"emailNotificationType":"OnlyOnFailure","emailRecipients":"release.environment.owner;release.creator","skipArtifactsDownload":false,"timeoutInMinutes":0,"enableAccessToken":false,"publishDeploymentStatus":true,"badgeEnabled":false,"autoLinkWorkItems":false,"pullRequestDeploymentEnabled":false},"demands":[],"conditions":[{"name":"Terraform-Dev-Init-Destroy","conditionType":2,"value":"4"}],"executionPolicy":{"concurrencyCount":1,"queueDepthCount":0},"schedules":[],"currentRelease":{"id":24,"url":"https://vsrm.dev.azure.com/DevOpsB22B23Azure21/ae2d5da1-1664-4975-a673-653ae0149c54/_apis/Release/releases/24","_links":{}},"retentionPolicy":{"daysToKeep":30,"releasesToKeep":3,"retainBuild":true},"processParameters":{},"properties":{"BoardsEnvironmentType":{"$type":"System.String","$value":"testing"},"LinkBoardsWorkItems":{"$type":"System.String","$value":"False"}},"preDeploymentGates":{"id":0,"gatesOptions":null,"gates":[]},"postDeploymentGates":{"id":0,"gatesOptions":null,"gates":[]},"environmentTriggers":[],"badgeUrl":"https://vsrm.dev.azure.com/DevOpsB22B23Azure21/_apis/public/Release/badge/ae2d5da1-1664-4975-a673-653ae0149c54/1/11"},{"id":12,"name":"Terraform-Prod-Init-Destroy","rank":12,"owner":{"displayName":"Sreeharsha","url":"https://spsprodcus4.vssps.visualstudio.com/Ae6d39910-fe9b-4714-a6af-d06dfcc6449e/_apis/Identities/86c777b3-7851-6f39-88ed-3939bf3e4afa","_links":{"avatar":{"href":"https://dev.azure.com/DevOpsB22B23Azure21/_apis/GraphProfile/MemberAvatars/msa.ODZjNzc3YjMtNzg1MS03ZjM5LTg4ZWQtMzkzOWJmM2U0YWZh"}},"id":"86c777b3-7851-6f39-88ed-3939bf3e4afa","uniqueName":"sreeaws4@gmail.com","imageUrl":"https://dev.azure.com/DevOpsB22B23Azure21/_apis/GraphProfile/MemberAvatars/msa.ODZjNzc3YjMtNzg1MS03ZjM5LTg4ZWQtMzkzOWJmM2U0YWZh","descriptor":"msa.ODZjNzc3YjMtNzg1MS03ZjM5LTg4ZWQtMzkzOWJmM2U0YWZh"},"variables":{},"variableGroups":[],"preDeployApprovals":{"approvals":[{"rank":1,"isAutomated":true,"isNotificationOn":false,"id":34}],"approvalOptions":{"requiredApproverCount":null,"releaseCreatorCanBeApprover":false,"autoTriggeredAndPreviousEnvironmentApprovedCanBeSkipped":false,"enforceIdentityRevalidation":false,"timeoutInMinutes":0,"executionOrder":1}},"deployStep":{"id":35},"postDeployApprovals":{"approvals":[{"rank":1,"isAutomated":true,"isNotificationOn":false,"id":36}],"approvalOptions":{"requiredApproverCount":null,"releaseCreatorCanBeApprover":false,"autoTriggeredAndPreviousEnvironmentApprovedCanBeSkipped":false,"enforceIdentityRevalidation":false,"timeoutInMinutes":0,"executionOrder":2}},"deployPhases":[{"deploymentInput":{"parallelExecution":{"parallelExecutionType":0},"agentSpecification":null,"skipArtifactsDownload":false,"artifactsDownloadInput":{"downloadInputs":[]},"queueId":33,"demands":[],"enableAccessToken":false,"timeoutInMinutes":0,"jobCancelTimeoutInMinutes":1,"condition":"succeeded()","overrideInputs":{}},"rank":1,"phaseType":1,"name":"Agent job","refName":null,"workflowTasks":[{"environment":{},"taskId":"62f1384e-d077-4a0a-a8fa-78745b8142ed","version":"1.*","name":"Task group: DevOpsB23SecureFiles ","refName":"","enabled":true,"alwaysRun":true,"continueOnError":true,"timeoutInMinutes":0,"retryCountOnTaskFailure":0,"definitionType":"metaTask","overrideInputs":{},"condition":"succeededOrFailed()","inputs":{}},{"environment":{},"taskId":"5bfb729a-a7c8-4a78-a7c3-8d717bb7c13c","version":"2.*","name":"Copying Secure Files To Project Directory","refName":"","enabled":true,"alwaysRun":false,"continueOnError":false,"timeoutInMinutes":0,"retryCountOnTaskFailure":0,"definitionType":"task","overrideInputs":{},"condition":"succeeded()","inputs":{"SourceFolder":"$(Agent.TempDirectory)","Contents":"**","TargetFolder":"/home/adminsree/myagent/_work/r1/a/_Terraform_IaaC_Classic/","CleanTargetFolder":"false","OverWrite":"false","flattenFolders":"false","preserveTimestamp":"false","retryCount":"0","delayBetweenRetries":"1000","ignoreMakeDirErrors":"false"}},{"environment":{},"taskId":"d9bafed4-0b18-4f58-968d-86655b4d2ce9","version":"2.*","name":"Terraform Destroy Prod Env","refName":"","enabled":true,"alwaysRun":false,"continueOnError":false,"timeoutInMinutes":0,"retryCountOnTaskFailure":0,"definitionType":"task","overrideInputs":{},"condition":"succeeded()","inputs":{"script":"cd _Terraform_IaaC_Classic\npwd\nls -al\nexport TF_INPUT=0\nterraform init -backend-config=backend.json\nterraform workspace list\nterraform workspace select prod\nterraform destroy --var-file prod.tfvars  -var=\"env=prod\" -var=\"Megastar=$(Megastar)\" -var=\"Superstar=$(Superstar)\" -var=\"YoungTiger=$(YoungTiger)\" --auto-approve","workingDirectory":"","failOnStderr":"false"}}]}],"environmentOptions":{"emailNotificationType":"OnlyOnFailure","emailRecipients":"release.environment.owner;release.creator","skipArtifactsDownload":false,"timeoutInMinutes":0,"enableAccessToken":false,"publishDeploymentStatus":true,"badgeEnabled":false,"autoLinkWorkItems":false,"pullRequestDeploymentEnabled":false},"demands":[],"conditions":[{"name":"Terraform-UAT-Init-Destroy","conditionType":2,"value":"4"}],"executionPolicy":{"concurrencyCount":1,"queueDepthCount":0},"schedules":[],"currentRelease":{"id":24,"url":"https://vsrm.dev.azure.com/DevOpsB22B23Azure21/ae2d5da1-1664-4975-a673-653ae0149c54/_apis/Release/releases/24","_links":{}},"retentionPolicy":{"daysToKeep":30,"releasesToKeep":3,"retainBuild":true},"processParameters":{},"properties":{"BoardsEnvironmentType":{"$type":"System.String","$value":"testing"},"LinkBoardsWorkItems":{"$type":"System.String","$value":"False"}},"preDeploymentGates":{"id":0,"gatesOptions":null,"gates":[]},"postDeploymentGates":{"id":0,"gatesOptions":null,"gates":[]},"environmentTriggers":[],"badgeUrl":"https://vsrm.dev.azure.com/DevOpsB22B23Azure21/_apis/public/Release/badge/ae2d5da1-1664-4975-a673-653ae0149c54/1/12"}],"artifacts":[{"sourceId":"ae2d5da1-1664-4975-a673-653ae0149c54:99c05ee5-55d0-434a-b2a9-e4579a777ed0","type":"Git","alias":"_Terraform_IaaC_Classic","definitionReference":{"branches":{"id":"master","name":"master"},"checkoutNestedSubmodules":{"id":"True","name":"Any nested submodules within"},"checkoutSubmodules":{"id":"","name":""},"defaultVersionSpecific":{"id":"","name":""},"defaultVersionType":{"id":"latestFromBranchType","name":"Latest from the default branch"},"definition":{"id":"99c05ee5-55d0-434a-b2a9-e4579a777ed0","name":"Terraform_IaaC_Classic"},"fetchDepth":{"id":"","name":""},"gitLfsSupport":{"id":"","name":""},"project":{"id":"ae2d5da1-1664-4975-a673-653ae0149c54","name":"Terraform_IaaC_Classic"}},"isPrimary":true,"isRetained":false}],"triggers":[{"branchFilters":[],"alias":"_Terraform_IaaC_Classic","triggerType":3}],"releaseNameFormat":"Release-$(rev:r)","tags":[],"properties":{"DefinitionCreationSource":{"$type":"System.String","$value":"ReleaseNew"},"IntegrateBoardsWorkItems":{"$type":"System.String","$value":"False"},"IntegrateJiraWorkItems":{"$type":"System.String","$value":"false"}},"id":1,"name":"Packer_Terraform_Classic_Pipeline","path":"\\","projectReference":null,"url":"https://vsrm.dev.azure.com/DevOpsB22B23Azure21/ae2d5da1-1664-4975-a673-653ae0149c54/_apis/Release/definitions/1","_links":{"self":{"href":"https://vsrm.dev.azure.com/DevOpsB22B23Azure21/ae2d5da1-1664-4975-a673-653ae0149c54/_apis/Release/definitions/1"},"web":{"href":"https://dev.azure.com/DevOpsB22B23Azure21/ae2d5da1-1664-4975-a673-653ae0149c54/_release?definitionId=1"}}}